species,lat,lon;;;
abietina,-18.4458,-43.6556;;;
abietina,-18.564444,-43.642500;;;
abietina,-18.572222,-43.592777;;;
abietina,-18.560639,-43.639639;;;
abietina,-18.27,-43.7;;;
abietina,-18.157500,-43.599167;;;
abietina,-18.250000,-43.666667;;;
abietina,-18.328167,-43.690667;;;
abietina,-18.259083,-43.674611;;;
abietina,-18.210528,-43.620722;;;
abietina,-18.250583,-43.647583;;;
abietina,-18.151361,-43.611028;;;
abietina,-18.233000,-43.686972;;;
abietina,-18.282444,-43.717389;;;
abietina,-18.273139,-43.713056;;;
abietina,-18.45,-43.483333;;;
abietina,-18.251339,-43.647428;;;
abietina,-18.273753,-43.712761;;;
abietina,-18.282144,-43.715369;;;
abietina,-18.25,-43.6666666667;;;
abietina,-18.157289,-43.599203;;;
abietina,-18.202072,-43.621181;;;
abietina,-18.36499,-43.72035;;;
abietina,-18.4544,-43.7406;;;
abietina,-18.56465,-43.83445;;;
abietina,-18.459472,-43.720667;;;
abietina,-18.599389,-43.951083;;;
abietina,-18.579539,-43.876642;;;
abietina,-18.571944,-43.592500;;;
abietina,-18.571944,-43.592500;;;
abietina,-18.575722,-43.488722;;;
abietina,-18.5719444444,-43.5925;;;
abietina,-18.575675,-43.488658;;;
abietina,-18.398583,-43.301556;;;
abietina,-18.414806,-43.401250;;;
abietina,-18.53861,-43.43833;;;
abietina,-18.55,-43.55;;;
abietina,-18.568111,-43.520889;;;
abietina,-18.571778,-43.493028;;;
abietina,-18.473917,-43.488194;;;
abietina,-18.522389,-43.450333;;;
abietina,-18.450000,-43.483333;;;
abietina,-18.571722,-43.592861;;;
abietina,-18.572083,-43.592772;;;
alata,-19.5136,-43.7447;;;
alata,-19.008004,-43.762345;;;
alata,-19.006194,-43.75576;;;
alata,-19.005833,-43.758611;;;
alata,-19.288549,-43.554488;;;
albiflora,-20.175833,-41.286139;;;
albiflora,-20.403889,-41.019167;;;
albiflora,-19.796944,-40.775278;;;
albiflora,-19.741389,-40.981111;;;
albiflora,-20.1775,-40.921389;;;
albiflora,-19.936111,-40.616667;;;
albiflora,-19.874444,-40.826111;;;
albiflora,-19.826944,-40.739722;;;
albiflora,-20.119969,-43.970386;;;
albiflora,-20.136319,-43.972747;;;
albiflora,-20.118519,-44.059258;;;
albiflora,-20.256111,-44.0875;;;
albiflora,-20.260278,-44.093889;;;
albiflora,-20.160572,-44.141975;;;
albiflora,-20.101853,-44.15355;;;
albiflora,-18.25,-43.666667;;;
albiflora,-18.183333,-44.6;;;
albiflora,-18.116667,-44.583333;;;
albiflora,-18.216667,-44.616667;;;
albiflora,-18.355,-43.552778;;;
albiflora,-20.414444,-44.438611;;;
albiflora,-18.083333,-43.083333;;;
albiflora,-19.394919,-43.309994;;;
albiflora,-20.83528,-44.05;;;
albiflora,-21.7,-43.883333;;;
albiflora,-20.3525,-43.414444;;;
albiflora,-20.153611,-43.436667;;;
albiflora,-20.352483,-43.991603;;;
albiflora,-20.336944,-44.012778;;;
albiflora,-20.175,-41.432222;;;
albiflora,-20.095556,-43.956111;;;
albiflora,-20.0975,-43.954167;;;
albiflora,-20.09,-43.960556;;;
albiflora,-20.056889,-44.004556;;;
albiflora,-20.077222,-43.991389;;;
albiflora,-20.510556,-43.278333;;;
albiflora,-20.148889,-43.6325;;;
albiflora,-21.67,-43.88;;;
albiflora,-19.018889,-43.719722;;;
albiflora,-21.230303,-44.499297;;;
albiflora,-18.6,-43.366667;;;
albiflora,-18.083333,-43.033333;;;
albiflora,-18.433333,-43.683333;;;
albiflora,-18.333333,-43.550000;;;
albiflora,-18.150000,-43.600000;;;
albiflora,-18.183333,-43.600000;;;
albiflora,-18.250000,-43.666667;;;
albiflora,-18.166667,-43.616667;;;
albiflora,-21.800000,-43.600000;;;
albiflora,-22.000000,-43.883333;;;
albiflora,-18.145000,-43.371389;;;
albiflora,-22.416667,-43.985556;;;
albohexandra,-16.787950,-42.881042;;;
aloifolia,-16.8722,-43.0106;;;
aloifolia,-20.1166667,-44.1666667;;;
aloifolia,-18.183333,-44.6;;;
aloifolia,-18.25,-43.674722;;;
aloifolia,-18.25,-43.666667;;;
aloifolia,-18.333333,-43.883333;;;
aloifolia,-18.116667,-44.583333;;;
aloifolia,-18,-43;;;
aloifolia,-18.0833,-43.7833;;;
aloifolia,-19.388386,-43.539757;;;
aloifolia,-19.020833,-43.724167;;;
aloifolia,-19.025,-43.704722;;;
aloifolia,-19.23425,-43.51675;;;
aloifolia,-18.133333,-43.350000;;;
aloifolia,-18.106944,-43.342222;;;
andina,-18.216667,-63.75;;;
andina,-18.283944,-63.676944;;;
andina,-18.2525,-63.691111;;;
armata,-16.91666,-43.05;;;
armata,-16.821333,-43.060972;;;
armata,-16.842500,-43.036389;;;
armata,-16.877083,-42.993528;;;
auriculata,-18.005611,-42.724694;;;
auriculata,-18.230833,-42.865000;;;
auriculata,-17.857222,-42.891111;;;
auriculata,-18.134694,-43.045083;;;
auriculata,-18.100833,-43.033889;;;
auriculata,-18.134722,-43.045000;;;
auriculata,-18.108333,-43.038889;;;
auriculata,-18.198056,-43.319167;;;
auriculata,-18.196667,-43.318333;;;
barbata,-17.927253,-43.60;;;
barbata,-18.2494,-43.6003;;;
barbata,-18.210528,-43.620722;;;
barbata,-18.203239,-43.624319;;;
barbata,-18.294236,-44.061203;;;
brevifolia,-20.135094,-43.511878;;;
brevifolia,-18.001111,-42.741111;;;
brevifolia,-18.0111944,-42.7411111;;;
brevifolia,-20.133333,-43.450833;;;
brevifolia,-19.233267,-43.579144;;;
breviscapa,-18.352500,-43.542778;;;
breviscapa,-18.27,-43.7;;;
breviscapa,-18.25,-43.666667;;;
breviscapa,-18.0833,-43.7833;;;
breviscapa,-18.17235,-43.5611111;;;
breviscapa,-18.355,-43.552778;;;
breviscapa,-18.296806,-43.738561;;;
breviscapa,-18.3525,-43.54277778;;;
breviscapa,-18.581219,-43.880292;;;
burlemarxii,-11.482778,-41.084444;;;
burlemarxii,-11.5994444444444,-41.0994444444444;;;
burlemarxii,-11.5589,-41.1467;;;
burlemarxii,-11.628056,-41.200833;;;
burlemarxii,-11.626667,-41.001944;;;
burlemarxii,-11.573333,-41.107778;;;
burlemarxii,-11.633333,-41.033333;;;
burlemarxii,-11.558889,-41.146667;;;
burlemarxii,-11.625833,-41.004167;;;
burlemarxii,-11.627314,-41.002019;;;
burlemarxii,-11.63333,-41.01666;;;
caespitosa,-18.568944,-43.567278;;;
caespitosa,-18.343361,-43.680306;;;
caespitosa,-18.585889,-43.927111;;;
caespitosa,-18.585472,-43.927278;;;
caespitosa,-18.298722,-43.839889;;;
caespitosa,-18.294750,-43.844722;;;
caespitosa,-18.296806,-43.852500;;;
caespitosa,-18.299778,-43.749611;;;
caespitosa,-18.595611,-43.577944;;;
caespitosa,-18.357333,-43.553472;;;
caespitosa,-18.347972,-43.552222;;;
caespitosa,-18.538222,-43.896528;;;
caespitosa,-18.571583,-43.592194;;;
caespitosa,-18.571889,-43.591667;;;
candida,-15.9499998093,-41.3666648865;;;
candida,-16.678056,-39.777222;;;
candida,-12.900000,-39.866667;;;
candida,-18.944167,-40.798611;;;
candida,-18.934444,-40.801944;;;
candida,-18.967778,-40.665556;;;
candida,-20.537500,-41.098611;;;
candida,-20.516111,-41.083611;;;
candida,-20.516111,-40.447500;;;
candida,-19.348250,-40.550833;;;
candida,-19.936111,-40.616667;;;
candida,-18.615000,-40.604167;;;
candida,-18.639444,-40.588611;;;
candida,-18.944167,-40.798611;;;
candida,-18.944556,-40.802056;;;
candida,-18.978889,-40.667778;;;
candida,-18.977778,-40.665556;;;
candida,-20.5375,-41.098611;;;
candida,-20.519167,-41.100556;;;
candida,-19.348333,-40.551111;;;
candida,-18.770278,-40.4475;;;
candida,-18.7825,-40.432778;;;
candida,-18.7775,-40.400278;;;
candida,-19.191472,-40.774889;;;
candida,-15.950000,-41.366667;;;
candida,-17.855972,-41.260944;;;
candida,-17.856111,-41.260833;;;
caput-ardeae,-18.412369,-43.685125;;;
caput-ardeae,-18.343056,-43.680833;;;
caput-ardeae,-18.3430555556,-43.6808333333;;;
caput-ardeae,-18.201844,-43.590375;;;
caput-ardeae,-18.263083,-43.693158;;;
caput-ardeae,-18.259658,-43.675197;;;
caput-ardeae,-18.119039,-43.533081;;;
caput-ardeae,-18.285333,-43.688272;;;
caput-ardeae,-18.463036,-43.654042;;;
caput-ardeae,-19.025,-43.704722;;;
caruncularis,-13.300000,-41.883333;;;
caruncularis,-20.018333,-43.5775;;;
caruncularis,-20.421389,-43.930278;;;
caruncularis,-20.076861,-44.02675;;;
caruncularis,-20.118519,-44.059258;;;
caruncularis,-20.256111,-44.0875;;;
caruncularis,-20.133333,-44.216667;;;
caruncularis,-20.107833,-43.983906;;;
caruncularis,-20.101853,-44.15355;;;
caruncularis,-18.033333,-43.883333;;;
caruncularis,-20.203858,-44.606019;;;
caruncularis,-20.441111,-43.918889;;;
caruncularis,-19.340261,-43.573136;;;
caruncularis,-18.4458,-43.6556;;;
caruncularis,-18.25,-43.666667;;;
caruncularis,-18.166667,-43.833333;;;
caruncularis,-18.295000,-43.738333;;;
caruncularis,-19.2475,-43.518056;;;
caruncularis,-18.355,-43.552778;;;
caruncularis,-21.093953,-44;;;
caruncularis,-21.06775,-44;;;
caruncularis,-21.062803,-44;;;
caruncularis,-19.526439,-43.255814;;;
caruncularis,-17.0647,-43.3089;;;
caruncularis,-18.016667,-43.083333;;;
caruncularis,-19.427778,-43.269722;;;
caruncularis,-20.2,-44.569367;;;
caruncularis,-19.5136,-43.7447;;;
caruncularis,-19.17,-43.58;;;
caruncularis,-20.198611,-43.433333;;;
caruncularis,-20.313889,-43.419167;;;
caruncularis,-20.197222,-43.432222;;;
caruncularis,-20.336667,-44.003333;;;
caruncularis,-20.153889,-43.654722;;;
caruncularis,-20.277778,-43.956389;;;
caruncularis,-20.048611,-43.978611;;;
caruncularis,-20.095556,-43.956111;;;
caruncularis,-20.0975,-43.954167;;;
caruncularis,-20.09,-43.960556;;;
caruncularis,-19.948056,-43.885833;;;
caruncularis,-20.077222,-43.991389;;;
caruncularis,-20.136319,-43.972747;;;
caruncularis,-20.233056,-43.550556;;;
caruncularis,-19.166667,-43.583333;;;
caruncularis,-18.957011,-43.734439;;;
caruncularis,-19,-43.763056;;;
caruncularis,-18.962842,-43.758371;;;
caruncularis,-18.945079,-43.743075;;;
caruncularis,-18.927433,-43.78937;;;
caruncularis,-18.866667,-43.766667;;;
caruncularis,-19.343611,-43.585833;;;
caruncularis,-19.287500,-43.586944;;;
caruncularis,-19.114444,-43.670000;;;
caruncularis,-19.033056,-43.717222;;;
caruncularis,-19.046389,-43.708056;;;
caruncularis,-19.278562,-43.548872;;;
caruncularis,-19.1692,-43.7142;;;
caruncularis,-19.2225,-43.499444;;;
caruncularis,-19.288549,-43.554488;;;
caruncularis,-19.233333,-43.583333;;;
caudata,-13.53333,-41.95;;;
caudata,-13.26666,-41.88333;;;
caudata,-13.51666,-42;;;
caudata,-13.266666,-41.883333;;;
caudata,-13.27,-41.88;;;
caudata,-13.25,-41.92;;;
caudata,-13.33,-41.88;;;
caudata,-13.28,-41.88;;;
caudata,-13.28333,-41.9;;;
caudata,-13.283333,-41.883333;;;
caudata,-13.266667,-41.9;;;
caudata,-13.333333,-41.883333;;;
caudata,-13.282778,-41.900833;;;
caudata,-13.316667,-41.833333;;;
caudata,-13.283333,-41.900000;;;
caudata,-13.033333,-41.883333;;;
caudata,-13.266667,-41.700000;;;
caudata,-13.250000,-41.916667;;;
caudata,-13.266667,-41.883333;;;
caudata,-13.383333,-41.766667;;;
caudata,-13.52,-42;;;
caudata,-13.516667,-42.000000;;;
caudata,-12.803333,-41.338611;;;
caudata,-12.683333,-41.3;;;
caudata,-13.475556,-41.851944;;;
caudata,-13.533333,-41.966667;;;
caudata,-13.533333,-41.933333;;;
caudata,-13.53,-41.95;;;
caudata,-13.5792,-41.8114;;;
caudata,-13.5186,-41.9575;;;
caudata,-13.475556,-41.869444;;;
caudata,-13.524722,-41.962778;;;
caudata,-13.520278,-41.937778;;;
caudata,-13.523611,-41.960278;;;
caudata,-13.526111,-41.964444;;;
caudata,-13.598889,-41.826667;;;
caudata,-13.518611,-41.957500;;;
ciliata,-16.741294,-43.076356;;;
ciliata,-18.503689,-43.475942;;;
ciliata,-18.1166666667,-43.5;;;
ciliata,-16.566667,-42.900833;;;
ciliata,-16.5666666667,-42.9083333333;;;
ciliata,-16.572592,-42.901847;;;
ciliata,-16.971944,-43.347222;;;
ciliata,-16.974189,-43.346619;;;
ciliata,-16.9721388889,-43.3474722222;;;
ciliata,-18.453056,-43.335833;;;
ciliata,-18.4531666667,-43.3360833333;;;
ciliata,-18.145000,-43.371389;;;
ciliata,-18.131389,-43.337500;;;
ciliata,-18.1313888889,-43.3375;;;
ciliata,-18.1436111111,-43.3711111111;;;
cipoensis,-19.345519,-43.642022;;;
cipoensis,-19.345225,-43.642225;;;
cipoensis,-19.346706,-43.638219;;;
compacta,-19.916667,-43.466667;;;
compacta,-20.256111,-44.0875;;;
compacta,-20.160572,-44.141975;;;
compacta,-20.101853,-44.15355;;;
compacta,-20.133333,-44.216667;;;
compacta,-19.816667,-43.666667;;;
compacta,-20.117778,-43.466944;;;
compacta,-20.083889,-43.503056;;;
compacta,-20.1263,-43.4927778;;;
compacta,-19.388386,-43.539757;;;
compacta,-20.441111,-43.918889;;;
compacta,-20.445833,-43.905833;;;
compacta,-20.703394,-43.807717;;;
compacta,-18.33,-43.7;;;
compacta,-18.422500,-43.717500;;;
compacta,-18.666194,-43.880444;;;
compacta,-19.4907,-43.4044;;;
compacta,-20.237114,-43.681328;;;
compacta,-20.211389,-43.840000;;;
compacta,-20.21138,-43.84;;;
compacta,-20.22,-43.8;;;
compacta,-20.401544,-44.453394;;;
compacta,-20.406667,-44.431944;;;
compacta,-20.135556,-43.456389;;;
compacta,-20.83333,-44.05;;;
compacta,-20.161667,-43.453056;;;
compacta,-20.198611,-43.433333;;;
compacta,-20.159167,-43.415556;;;
compacta,-20.153611,-43.436667;;;
compacta,-20.134444,-43.450833;;;
compacta,-20.33,-43.958611;;;
compacta,-20.336667,-44.003333;;;
compacta,-20.360725,-43.961961;;;
compacta,-20.374461,-43.969908;;;
compacta,-19.164444,-43.349167;;;
compacta,-20.0975,-43.954167;;;
compacta,-20.147222,-43.924722;;;
compacta,-20.1,-43.983333;;;
compacta,-20.483333,-43.716667;;;
compacta,-20.2875,-43.508056;;;
compacta,-20.462500,-43.523056;;;
compacta,-20.590122,-44.572453;;;
compacta,-20.545678,-44.566667;;;
compacta,-20.164444,-43.864444;;;
compacta,-19.818611,-43.678889;;;
compacta,-19.818889,-43.678889;;;
compacta,-19.9594,-43.4153;;;
compacta,-18.947649,-43.751218;;;
compacta,-19.29125,-43.595222;;;
crinita,-21.700583,-43.899417;;;
crinita,-21.711925,-43.894147;;;
crinita,-21.116667,-44.200000;;;
crinita,-21.0863888889,-44.1752777778;;;
crinita,-21.086389,-44.152528;;;
cryptantha,-18.355,-43.552778;;;
cryptantha,-18.154300,-43.620417;;;
cryptantha,-18.239956,-43.588711;;;
cryptantha,-18.195092,-43.627794;;;
cryptantha,-18.277497,-43.527406;;;
dasypus,-12.950000,-41.333333;;;
dasypus,-12.683333,-41.3;;;
dasypus,-12.950556,-41.278333;;;
dasypus,-12.951389,-41.277778;;;
dasypus,-13.666667,-41.233333;;;
dasypus,-14.138611,-42.459167;;;
dasypus,-13.483333,-39.033333;;;
dasypus,-12.683333,-38.316667;;;
dasypus,-12.65,-38.3;;;
dasypus,-14.066667,-39.000000;;;
dasypus,-12.243611,-37.855;;;
dasypus,-11.94,-38.08;;;
dasypus,-13.4,-41.283333;;;
dasypus,-13.363611,-41.300833;;;
dasypus,-13.383333,-41.216667;;;
dasypus,-14.37,-39.07;;;
dasypus,-14.366667,-39.066667;;;
dasypus,-14.380556,-39.039722;;;
dasypus,-12.9358333333,-38.3552777778;;;
dasypus,-12.93,-38.35;;;
dasypus,-12.933333,-38.35;;;
dasypus,-11.055278,-40.655278;;;
dasypus,-11.176350,-40.511022;;;
dasypus,-11.1725,-40.494444;;;
dasypus,-11.086944,-40.672500;;;
dasypus,-11.086944,-40.8225;;;
dasypus,-11.086944,-40.6725;;;
dasypus,-13.206389,-38.905556;;;
dasypus,-12.883333,-38.316667;;;
dasypus,-12.9,-38.316667;;;
dasypus,-12.921667,-38.330833;;;
dasypus,-12.92,-38.318333;;;
dasypus,-12.45,-41.466667;;;
dasypus,-12.466667,-41.45;;;
dasypus,-12.516667,-41.366667;;;
dasypus,-12.45,-41.416667;;;
dasypus,-12.456667,-41.452778;;;
dasypus,-12.4625,-41.420833;;;
dasypus,-12.466944,-41.454167;;;
dasypus,-12.5,-41.383333;;;
dasypus,-12.544633,-41.370783;;;
dasypus,-12.585833,-41.391667;;;
dasypus,-12.463333,-41.418333;;;
dasypus,-12.55,-41.433333;;;
dasypus,-12.566667,-41.383333;;;
dasypus,-12.583333,-41.383333;;;
dasypus,-12.500000,-41.383333;;;
dasypus,-12.633333,-41.366667;;;
dasypus,-12.450000,-41.416667;;;
dasypus,-12.5225,-41.496667;;;
dasypus,-12.542222,-41.361389;;;
dasypus,-12.466667,-41.416667;;;
dasypus,-12.462500,-41.420833;;;
dasypus,-12.466667,-41.366667;;;
dasypus,-14.166667,-39;;;
dasypus,-14.1833,-39.0166;;;
dasypus,-14.220556,-39.018056;;;
dasypus,-14.178056,-39.021667;;;
dasypus,-14.1,-39;;;
dasypus,-13.943056,-38.930556;;;
dasypus,-13.95,-38.933333;;;
dasypus,-14.11666,-39;;;
dasypus,-14.12,-39.0056;;;
dasypus,-14.20194444,-39.03416667;;;
dasypus,-12.516667,-38.283333;;;
dasypus,-12.530000,-38.024444;;;
dasypus,-11.333333,-40.516667;;;
dasypus,-11.583333,-41.2;;;
dasypus,-12.966667,-41.466667;;;
dasypus,-13.016667,-41.416667;;;
dasypus,-12.991667,-41.341389;;;
dasypus,-13.016667,-41.343889;;;
dasypus,-12.995556,-41.385;;;
dasypus,-12.983333,-41.366667;;;
dasypus,-12.992222,-41.357222;;;
dasypus,-13.23,-41.38;;;
dasypus,-12.959167,-41.320278;;;
dasypus,-12.988333,-41.339444;;;
dasypus,-12.95,-41.5;;;
dasypus,-13.136944,-41.339167;;;
dasypus,-13.066667,-41.366667;;;
dasypus,-13.087778,-41.377778;;;
dasypus,-13.073333,-41.379444;;;
dasypus,-12.97,-41.47;;;
dasypus,-12.994722,-41.353889;;;
dasypus,-13.233333,-41.383333;;;
dasypus,-12.983333,-41.35;;;Falta essa
dasypus,-13.7075,-39.014722;;;
dasypus,-13.694722,-39.045278;;;
dasypus,-12.4577777778,-41.4713888889;;;
dasypus,-12.4602777778,-41.4777777778;;;
dasypus,-12.5292,-41.5589;;;
dasypus,-12.583333,-41.533333;;;
dasypus,-12.528889,-41.558889;;;
dasypus,-12.454722,-41.468056;;;
dasypus,-12.455556,-41.470833;;;
dasypus,-12.450000,-41.466667;;;
dasypus,-12.62,-41.510833;;;
dasypus,-12.463889,-41.457778;;;
dasypus,-12.604778,-41.525778;;;
dasypus,-10.6661111111111,-40.3645555555556;;;
dasypus,-10.692361,-40.37775;;;
dasypus,-10.6671388888889,-40.3632222222222;;;
dasypus,-12.929167,-38.326389;;;
dasypus,-12.943056,-38.340278;;;
dasypus,-12.909706,-38.326094;;;
dasypus,-12.966667,-38.5;;;
dasypus,-10.362778,-40.202222;;;
dasypus,-12.995000,-38.707222;;;
dasypus,-12.995,-38.707222;;;
dasypus,-13.003056,-38.655556;;;
dasypus,-13.002778,-38.656667;;;
dasypus,-10.5253,-37.031;;;
dasypus,-10.772222,-37.341083;;;
dasypus,-10.755278,-37.3425;;;
dasypus,-10.688611,-37.148333;;;
dasypus,-10.75,-37.3333333333;;;
dasypus,-10.7391666667,-37.3611111111;;;
dasypus,-10.7730555556,-37.3558333333;;;
dasypus,-10.773056,-37.355833;;;
dasypus,-10.752222,-37.335556;;;
dasypus,-10.62,-36.837861;;;
dasypus,-10.633361,-36.757639;;;
dasypus,-12.5,-41.26667;;;
dasypus,-12.46667,-41.41667;;;
dasypus,-12.98333,-41.36667;;;
declinans,-18.851111,-43.735000;;;
declinans,-18.033333,-43.583333;;;
declinans,-18.066667,-43.700000;;;
declinans,-17.779444,-43.617778;;;
declinans,-18.083333,-43.816667;;;
declinans,-18.1838,-43.5366667;;;
declinans,-18.355,-43.552778;;;
declinans,-18.523889,-43.915;;;
declinans,-19.404614,-43.306256;;;
declinans,-19.404722,-43.306389;;;
declinans,-18.583333,-43.583333;;;
declinans,-18.650278,-43.667222;;;
declinans,-18.6528,-43.6722;;;
declinans,-19.006194,-43.75895;;;
declinans,-19.066667,-43.700000;;;
declinans,-19.048627,-43.737305;;;
epidendroides,-18.82,-43.38;;;
epidendroides,-19.063056,-43.615556;;;
epidendroides,-18.9,-43.4;;;
epidendroides,-18.4458,-43.6556;;;
epidendroides,-18.53,-43.62;;;
epidendroides,-18.18,-43.55;;;
epidendroides,-18.27,-43.7;;;
epidendroides,-18.195278,-43.575;;;
epidendroides,-18.179837,-43.52971;;;
epidendroides,-18.291667,-43.762778;;;
epidendroides,-17.797706,-43.622231;;;
epidendroides,-18.1838,-43.5367;;;
epidendroides,-19.391522,-43.566908;;;
epidendroides,-19.391463,-43.567098;;;
epidendroides,-19.819325,-43.839564;;;
epidendroides,-19.421583,-43.2806;;;
epidendroides,-19.388386,-43.539757;;;
epidendroides,-19.25,-43.516667;;;
epidendroides,-18.5719,-43.5925;;;
epidendroides,-19.048156,-43.788116;;;
epidendroides,-19.008056,-43.761944;;;
epidendroides,-18.962842,-43.758371;;;
epidendroides,-18.942663,-43.74941;;;
epidendroides,-19.005556,-43.758333;;;
epidendroides,-19.166667,-43.7;;;
epidendroides,-19.025,-43.704722;;;
epidendroides,-19.033056,-43.717222;;;
epidendroides,-19.049444,-43.709444;;;
epidendroides,-19.253333,-43.554722;;;
epidendroides,-19.048022,-43.738892;;;
epidendroides,-19.048652,-43.737325;;;
epidendroides,-19.17,-43.58;;;
epidendroides,-18.011944,-43.369444;;;
epidendroides,-19,-43.763056;;;
epidendroides,-18.55,-43.55;;;
froesii,-13.3,-41.87;;;
froesii,-13.316666,-41.833333;;;
froesii,-13.38,-41.85;;;
froesii,-13.300000,-41.883333;;;
froesii,-13.28,-41.87;;;
froesii,-13.3,-41.866666;;;
froesii,-13.3,-41.85;;;
froesii,-13.3,-41.866667;;;
froesii,-13.33,-41.85;;;
froesii,-13.32,-41.85;;;
froesii,-13.366666,-41.783333;;;
froesii,-13.23,-41.83;;;
froesii,-13.283333,-41.866667;;;
froesii,-13.233333,-41.833333;;;
froesii,-13.316667,-41.85;;;
froesii,-13.366667,-41.783333;;;
froesii,-12.833333,-41.316667;;;
froesii,-12.8,-41.316667;;;
froesii,-12.851111,-41.309722;;;
froesii,-12.95,-41.26667;;;
froesii,-12.8166666667,-41.3166666667;;;
froesii,-13.216667,-41.833333;;;
froesii,-12.83333,-41.31666;;;
froesii,-12.949722,-41.278333;;;
froesii,-11.621667,-46.041667;;;
froesii,-12.083333,-41.316667;;;
froesii,-14.066667,-42.466667;;;
froesii,-13.283333,-41.766667;;;
froesii,-13.2417,-41.1401;;;
froesii,-13.404722,-41.233611;;;
froesii,-12.314444,-40.475556;;;
froesii,-12.933333,-41.033333;;;
froesii,-12.966667,-41.033333;;;
froesii,-11.195833,-40.507222;;;
froesii,-11.579167,-41.165556;;;
froesii,-11.825278,-41.207778;;;
froesii,-11.4931,-41.1228;;;
froesii,-11.372703,-41.000605;;;
froesii,-11.624167,-41.001667;;;
froesii,-11.499444,-41.371667;;;
froesii,-11.45,-41.11667;;;
froesii,-11.27,-41.07;;;
froesii,-11.450000,-41.116667;;;
froesii,-11.55,-41.133333;;;
froesii,-12.56,-41.2;;;
froesii,-12.933333,-41.333333;;;
froesii,-12.58,-41.2;;;
froesii,-12.991667,-41.341389;;;
froesii,-13.0436,-41.224;;;
froesii,-13.076667,-41.367778;;;
froesii,-13.076667,-41.377778;;;
froesii,-12.5658,-41.192;;;
froesii,-12.949444,-41.317222;;;
froesii,-12.988333,-41.339444;;;
froesii,-12.5659,-41.1642;;;
froesii,-12.4547,-41.4681;;;
froesii,-13.27,-41.9;;;
froesii,-13.15,-41.75;;;
froesii,-13.07,-41.9;;;
froesii,-13.266667,-41.9;;;
froesii,-13.15,-41.883333;;;
froesii,-13.5977777,-41.8286111;;;
froesii,-13.37,-41.78;;;
froesii,-13.383333,-41.766667;;;
froesii,-13.383333,-41.85;;;
froesii,-12.5,-41.19;;;
froesii,-12.1852,-40.2832;;;
furcata,-13.53333,-41.96666;;;
furcata,-13.53333,-41.95;;;
furcata,-13.51666,-42;;;
furcata,-13.53333,-41.9;;;
furcata,-13.5,-41.98333;;;
furcata,-13.25,-41.9;;;
furcata,-13.18333,-41.95;;;
furcata,-13.53,-41.97;;;
furcata,-13.533333,-41.916667;;;
furcata,-13.25,-41.91667;;;
furcata,-13.33,-41.88;;;
furcata,-13.3,-41.9;;;
furcata,-13.28,-41.9;;;
furcata,-13.38,-41.77;;;
furcata,-13.3,-41.87;;;
furcata,-13.27,-41.78;;;
furcata,-13.28,-41.87;;;
furcata,-13.25,-41.92;;;
furcata,-13.37,-41.83;;;
furcata,-13.18,-41.95;;;
furcata,-13.27,-41.88;;;
furcata,-13.283333,-41.866667;;;
furcata,-13.278056,-41.783333;;;
furcata,-13.216667,-41.75;;;
furcata,-13.183333,-41.95;;;
furcata,-13.266667,-41.783333;;;
furcata,-13.033333,-41.833333;;;
furcata,-13.25,-41.916667;;;
furcata,-13.300000,-41.883333;;;
furcata,-13.52,-42;;;
furcata,-13.5,-41.98;;;
furcata,-13.516667,-42;;;
furcata,-13.5,-41.983333;;;
furcata,-13.516667,-42.700000;;;
furcata,-13.516667,-42.000000;;;
furcata,-13.050000,-41.983333;;;
furcata,-14.178056,-39.205556;;;
furcata,-13.27,-41.72;;;
furcata,-13.266667,-41.716667;;;
furcata,-13.516389,-41.950278;;;
furcata,-13.597778,-41.828611;;;
furcata,-13.533333,-41.933333;;;
furcata,-13.533333,-41.950000;;;
furcata,-13.533333,-41.900000;;;
furcata,-13.466667,-41.850000;;;
furcata,-13.533333,-41.966667;;;
furcata,-13.4083333,-41.8536111;;;
furcata,-13.53,-41.93;;;
furcata,-13.5792,-41.8114;;;
furcata,-13.53,-41.92;;;
furcata,-13.600425,-41.8313497;;;
furcata,-13.53,-41.95;;;
furcata,-13,-41.9347;;;
furcata,-13.4,-41.78;;;
furcata,-13,-41.934722;;;
furcata,-13.597778,-41.828611;;;
furcata,-13.520833,-41.937222;;;
furcata,-12.314444,-40.475556;;;
furcata,-12.309722,-40.484167;;;
geotegens,-18.033333,-43.550000;;;
geotegens,-18.4458,-43.6556;;;
geotegens,-18.438056,-43.658889;;;
geotegens,-18.462500,-43.653889;;;
geotegens,-18.462500,-43.654111;;;
geotegens,-18.441939,-43.657192;;;
geotegens,-18.438056,-43.658889;;;
geotegens,-18.463461,-43.652842;;;
geotegens,-18.509747,-43.661475;;;
geotegens,-18.355,-43.552778;;;
geotegens,-18.333333,-43.550000;;;
geotegens,-18.403611,-43.513889;;;
geotegens,-18.246681,-43.648558;;;
geotegens,-18.576950,-43.488842;;;
geotegens,-19.271389,-43.551389;;;
geotegens,-18.403611,-43.501389;;;
gigantea,-19.311250,-41.575417;;;
gigantea,-19.491667,-43.477778;;;
gigantea,-19.476389,-43.473056;;;
gigantea,-19.494722,-43.503889;;;
gigantea,-19.441111,-43.396667;;;
gigantea,-19.358833,-43.481639;;;
gigantea,-19.380278,-43.489444;;;
gigantea,-19.433333,-43.450000;;;
gigantea,-19.259342,-43.522078;;;
gigantea,-19.247222,-43.510278;;;
gigantea,-19.273889,-43.492778;;;
gigantea,-19.277222,-43.502500;;;
gigantea,-19.301944,-43.480000;;;
gigantea,-19.247222,-43.510472;;;
gigantea,-19.259206,-43.522181;;;
giulietiiae,-18.316322,-43.913656;;;
giulietiiae,-18.269675,-43.712133;;;
giulietiiae,-18.316567,-43.914692;;;
giulietiiae,-18.294036,-43.746336;;;
giulietiiae,-18.596614,-43.880511;;;
giulietiiae,-18.589069,-43.896411;;;
giulietiiae,-18.596667,-43.880167;;;
giulietiiae,-18.598278,-43.873361;;;
giulietiiae,-18.575336,-43.488925;;;
glabra,-18.808611,-43.480833;;;
glabra,-18.87,-43.4;;;
glabra,-18.893889,-43.433611;;;
glabra,-18.870000,-43.737222;;;
glabra,-18.293889,-43.333056;;;
glabra,-18.300000,-43.550000;;;
glabra,-18.255278,-43.748611;;;
glabra,-18.4293,-43.7215;;;
glabra,-19.360233,-43.486631;;;
glabra,-20.197222,-43.432222;;;
glabra,-19.220278,-43.499722;;;
glabra,-19.248889,-43.510833;;;
glabra,-19.000502,-43.760603;;;
glabra,-18.920175,-43.790177;;;
glabra,-19.046389,-43.708056;;;
glabra,-19.288549,-43.554488;;;
glabra,-18.553889,-43.550833;;;
glauca,-13.316667,-41.85;;;
glauca,-13.266667,-41.883333;;;
glauca,-13.27,-41.88;;;
glauca,-11.083333,-42.733333;;;
glauca,-13.55,-41.7833333;;;
glauca,-15.779722,-48.881111;;;
glauca,-13.779535,-47.258012;;;
glauca,-14.79038,-47.5333;;;
glauca,-14.88076,-47.5333;;;
glauca,-14.116667,-47.516667;;;
glauca,-13.93593,-47.5167;;;
glauca,-14.182778,-47.598611;;;
glauca,-14.167211,-47.825358;;;
glauca,-13.966944,-47.498889;;;
glauca,-13.87,-47.32;;;
glauca,-13.38111,-48;;;
glauca,-15.78805,-48.8086;;;
glauca,-15.95,-50.03333;;;
glauca,-17.32,-51.77;;;
glauca,-17.3,-51.77;;;
glauca,-14.56667,-48.96667;;;
glauca,-14.3,-48.38333;;;
glauca,-14.3,-48.38;;;
glauca,-14.23528,-48.65222;;;
glauca,-15.806666,-48.846111;;;
glauca,-14.13,-46.37;;;
glauca,-16.09417,-48.27417;;;
glauca,-14.5,-47.5;;;
glauca,-20.645,-46.258889;;;
glauca,-20.645000,-46.258889;;;
glauca,-16.566667,-42.900833;;;
glauca,-16.546694,-42.891056;;;
glauca,-16.596667,-42.91;;;
glauca,-16.580000,-42.910000;;;
glauca,-19.85,-47.433333;;;
glauca,-20.157778,-47.277222;;;
glauca,-20.164444,-47.273056;;;
glauca,-8.93,-48.52;;;
glauca,-11.680000,-47.700000;;;
glauca,-11.693889,-47.701667;;;
graminea,-19.885556,-43.433611;;;
graminea,-20.118519,-44.059258;;;
graminea,-20.079783,-44.003086;;;
graminea,-20.133333,-44.216667;;;
graminea,-20.160572,-44.141975;;;
graminea,-20.101853,-44.15355;;;
graminea,-20.015,-43.672222;;;
graminea,-18.907222,-43.431667;;;
graminea,-20.445833,-43.905833;;;
graminea,-20.237114,-43.681328;;;
graminea,-20.28,-43.902778;;;
graminea,-20.400833,-44.429167;;;
graminea,-20.197222,-43.432222;;;
graminea,-20.3525,-43.414444;;;
graminea,-20.153611,-43.436667;;;
graminea,-20.159167,-43.415556;;;
graminea,-20.374461,-43.969908;;;
graminea,-20.058333,-44.00675;;;
graminea,-20.093056,-43.983611;;;
graminea,-20.136319,-43.972747;;;
graminea,-20.483333,-43.716667;;;
graminea,-20.486000,-43.619028;;;
graminea,-20.487778,-43.697500;;;
graminea,-20.506667,-43.627778;;;
graminea,-20.2875,-43.508056;;;
graminea,-20.477500,-43.592222;;;
graminea,-20.439361,-43.520028;;;
graminea,-20.462500,-43.523056;;;
graminea,-20.736958,-43.887564;;;
grao-mogolensis,-16.896667,-42.910000;;;
grao-mogolensis,-16.600000,-42.916667;;;
grao-mogolensis,-16.616667,-42.933333;;;
grao-mogolensis,-16.591711,-42.918922;;;
grao-mogolensis,-16.568767,-42.997567;;;
grao-mogolensis,-16.594653,-42.912900;;;
grao-mogolensis,-16.594306,-42.914542;;;
grao-mogolensis,-16.592883,-42.901583;;;
grao-mogolensis,-16.596667,-42.910000;;;
hatschbachii,-18.042500,-43.557500;;;
hatschbachii,-18.143944,-43.504028;;;
hatschbachii,-18.039856,-43.557494;;;
hatschbachii,-18.118431,-43.513664;;;
hatschbachii,-18.143889,-43.503889;;;
hatschbachii,-18.0838,-43.3014;;;
hatschbachii,-18.089722,-43.344722;;;
hemisphaerica,-13.250000,-41.900000;;;
hemisphaerica,-13.281667,-41.787500;;;
hemisphaerica,-13.584167,-41.385000;;;
hemisphaerica,-13.983333,-42.2;;;
hemisphaerica,-13.216667,-41.266667;;;
hemisphaerica,-13.383333,-41.216667;;;
hemisphaerica,-11.1811111,-40.5116667;;;
hemisphaerica,-11.171111,-40.510278;;;
hemisphaerica,-11.189444,-40.508056;;;
hemisphaerica,-11.171111,-40.508889;;;
hemisphaerica,-12.033333,-41.033333;;;
hemisphaerica,-12.333333,-41.333333;;;
hemisphaerica,-13.6425,-41.559167;;;
hemisphaerica,-12.951389,-41.277778;;;
hemisphaerica,-12.983333,-41.333333;;;
hemisphaerica,-12.4602777778,-41.4777777778;;;
hemisphaerica,-12.455556,-41.470833;;;
hemisphaerica,-12.45,-41.466667;;;
hemisphaerica,-12.459147,-41.471964;;;
hemisphaerica,-12.45,-41.633333;;;
hemisphaerica,-12.456944,-41.467778;;;
hemisphaerica,-12.450556,-41.470833;;;
hemisphaerica,-13.0344,-41.9039;;;
hemisphaerica,-13.13,-41.83;;;
hemisphaerica,-13.048333,-41.891389;;;
hemisphaerica,-13.133333,-41.833333;;;
hemisphaerica,-13.034444,-41.903889;;;
hemisphaerica,-13.151111,-41.765000;;;
hemisphaerica,-13.034444,-41.903889;;;
hemisphaerica,-13.048333,-41.891389;;;
hemisphaerica,-10.900556,-40.448611;;;
hirsuta,-14.25,-42.516667;;;
hirsuta,-14.266667,-42.526111;;;
hirsuta,-14.2603,-42.5242;;;
hirsuta,-14.279167,-42.531389;;;
hirsuta,-14.27917,-42.53139;;;
hirsuta,-14.358889,-42.537222;;;
hirsuta,-14.066667,-42.466667;;;
hirsuta,-14.350556,-42.538333;;;
hirsuta,-14.350833,-42.538333;;;
hirsuta,-15.135,-41.968889;;;
hirsuta,-14.897778,-42.515833;;;
hirsuta,-16.8722,-43.0106;;;
hirsuta,-16.765,-43.059444;;;
hirsuta,-16.902222,-42.991389;;;
hirsuta,-16.902139,-42.991306;;;
hirsuta,-16.654722,-42.889167;;;
hirsuta,-18.4458,-43.6556;;;
hirsuta,-18.57269,-43.59189;;;
hirsuta,-16.67,-43.12;;;
hirsuta,-15.44506,-42.06225;;;
hirsuta,-17.000444,-43.345;;;
hirsuta,-17.015889,-43.340722;;;
hirsuta,-16.96369,-43.53744;;;
hirsuta,-17.0647,-43.3089;;;
hirsuta,-17.080556,-43.309722;;;
hirsuta,-17.703333,-44.296389;;;
hirsuta,-15.38703,-42.77539;;;
hirsuta,-16.031667,-42.711944;;;
hirsuta,-16.010611,-42.702778;;;
hirsuta,-18.1422,-43.0594;;;
hirsuta,-18.925948,-43.751673;;;
hirsuta,-18.965774,-43.784586;;;
intermedia,-17.924722,-44.239722;;;
intermedia,-17.883333,-44.250000;;;
intermedia,-17.88,-44.25;;;
intermedia,-18.283333,-43.750000;;;
intermedia,-18.295000,-43.738333;;;
intermedia,-18.254667,-43.511806;;;
intermedia,-21.703694,-43.887444;;;
intermedia,-21.700583,-43.899417;;;
intermedia,-20.334722,-44.01;;;
intermedia,-20.812208,-46.856036;;;
intermedia,-19.17,-43.58;;;
intermedia,-18.122333,-43.343333;;;
intermedia,-18.201611,-43.371306;;;
intermedia,-18.122333,-43.343333;;;
jolyi,-12.95,-41.26667;;;
jolyi,-12.98333,-41.35;;;
jolyi,-13,-41.3833333;;;
jolyi,-13.58,-41.45;;;
jolyi,-12.6,-41.48;;;
jolyi,-12.8,-41.316667;;;
jolyi,-12.804167,-41.341111;;;
jolyi,-12.8025,-41.344167;;;
jolyi,-12.807222,-41.326667;;;
jolyi,-12.616667,-41.483333;;;
jolyi,-12.7,-41.333333;;;
jolyi,-12.601944,-41.478056;;;
jolyi,-12.6019,-41.4781;;;
jolyi,-12.95,-41.2666666667;;;
jolyi,-13.0013888889,-41.3707777778;;;
jolyi,-12.988333,-41.340833;;;
jolyi,-12.95,-41.333333;;;
jolyi,-12.983333,-41.35;;;
jolyi,-12.957222,-41.320556;;;
jolyi,-13.0056,-41.3706;;;
jolyi,-12.98,-41.35;;;
jolyi,-13,-41.366667;;;
jolyi,-12.95,-41.316667;;;
jolyi,-13.006667,-41.374722;;;
jolyi,-13.233333,-41.566667;;;
jolyi,-12.988333,-41.339444;;;
jolyi,-12.949722,-41.278333;;;
jolyi,-13.013056,-41.3725;;;
jolyi,-12.951389,-41.277778;;;
jolyi,-13.013056,-41.372778;;;
jolyi,-12.95,-41.4075;;;
jolyi,-12,-41.383333;;;
jolyi,-13.094167,-41.378333;;;
jolyi,-13.130556,-41.348056;;;
jolyi,-13.076667,-41.377778;;;
jolyi,-12.8,-41.45;;;
jolyi,-13.0825,-41.376111;;;
jolyi,-12.950000,-41.407500;;;
jolyi,-12.957222,-41.320556;;;
jolyi,-12.983333,-41.350000;;;
jolyi,-12.982778,-41.351944;;;
jolyi,-13.118056,-41.348056;;;
jolyi,-12.950833,-41.320833;;;
jolyi,-13.076667,-41.367778;;;
jolyi,-12.988333,-41.340833;;;
jolyi,-12.949722,-41.278333;;;
jolyi,-13.013056,-41.372778;;;
jolyi,-12.606667,-41.481111;;;
jolyi,-13.583333,-41.450000;;;
jolyi,-12.600000,-41.483333;;;
luteola,-16.566667,-42.900833;;;
luteola,-16.550000,-42.900000;;;
luteola,-16.579136,-42.899189;;;
luteola,-16.556864,-42.896261;;;
luteola,-16.566667,-42.900000;;;
luteola,-16.572986,-42.894767;;;
luteola,-16.592667,-42.911194;;;
luteola,-16.553308,-42.906481;;;
marcescens,-16.8722,-43.0106;;;
marcescens,-16.899444,-42.991389;;;
marcescens,-17.066667,-43.033333;;;
marcescens,-16.724722,-42.927778;;;
marcescens,-16.724722,-42.917778;;;
marcescens,-16.595000,-42.963333;;;
marcescens,-16.595,-42.963333;;;
marcescens,-16.583333,-42.966667;;;
marcescens,-16.583333,-42.950000;;;
marcescens,-16.533333,-42.916667;;;
marcescens,-16.551111,-42.900000;;;
marcescens,-16.600000,-42.966667;;;
marcescens,-17.07,-43.33;;;
marcescens,-17.066667,-43.333333;;;
marcescens,-17.748056,-44.261389;;;
maxillarioides,-17.000000,-43.083333;;;
maxillarioides,-16.566667,-42.908333;;;
maxillarioides,-16.566667,-42.900833;;;
maxillarioides,-16.550000,-42.883333;;;
maxillarioides,-16.581667,-42.890000;;;
maxillarioides,-17.000444,-43.345;;;
maxillarioides,-17.015889,-43.340722;;;
maxillarioides,-17.066667,-43.300000;;;
maxillarioides,-17.07,-43.3;;;
maxillarioides,-16.985000,-43.334444;;;
maxillarioides,-17.015833,-43.340556;;;
metzgerae,-18.083333,-43.816667;;;
metzgerae,-18.833333,-43.816667;;;
metzgerae,-18.248333,-43.653611;;;
metzgerae,-18.254956,-43.664017;;;
metzgerae,-18.268333,-43.686272;;;
metzgerae,-20.108633,-43.911911;;;
metzgerae,-18.918667,-43.74844;;;
metzgerae,-18.967377,-43.755227;;;
metzgerae,-19.033056,-43.717222;;;
metzgerae,-19.025833,-43.72;;;
metzgerae,-19.290956,-43.559233;;;
metzgerae,-19.285128,-43.580378;;;
metzgerae,-19.275556,-43.550881;;;
metzgerae,-19.265256,-43.545911;;;
metzgerae,-18.468147,-43.487831;;;
metzgerae,-19.279858,-43.552164;;;
metzgerae,-19.287981,-43.555272;;;
minima,-19.016389,-43.391111;;;
minima,-18.907222,-43.431667;;;
minima,-19.048611,-43.621944;;;
minima,-18.924444,-43.477778;;;
minima,-18.188611,-43.623056;;;
minima,-18.2494,-43.6003;;;
minima,-18.007222,-43.615833;;;
minima,-18.3,-43.88333;;;
minima,-18.27,-43.7;;;
minima,-18.15,-43.72;;;
minima,-18.25,-43.666667;;;
minima,-18.258056,-43.515833;;;
minima,-18.1822,-43.705;;;
minima,-18.1886081696,-43.6230506897;;;
minima,-18.186667,-48.621111;;;
minima,-18.233333,-43.6;;;
minima,-18.0833,-43.7833;;;
minima,-18.115278,-43.138056;;;
minima,-18.38,-43.7;;;
minima,-18.523889,-43.915;;;
minima,-19.400556,-43.305;;;
minima,-19.5136,-43.7447;;;
minima,-18.2936,-43.0092;;;
minima,-18.939348,-43.76023;;;
minima,-19,-43.763056;;;
minima,-18.924056,-43.789956;;;
minima,-19.2319,-43.5069;;;
minima,-18.6047,-43.3792;;;
nanuzae,-19.419589,-43.414467;;;
nanuzae,-19.258889,-43.550278;;;
nanuzae,-18.911882,-43.805217;;;
nanuzae,-19.00585,-43.758762;;;
nanuzae,-19.0425,-43.728611;;;
nanuzae,-19.258972,-43.5505;;;
nanuzae,-19.289311,-43.594567;;;
nanuzae,-19.254433,-43.538953;;;
nanuzae,-19.209597,-43.505714;;;
nanuzae,-19.257425,-43.550531;;;
nanuzae,-19.315319,-43.603467;;;
nanuzae,-19.256483,-43.550544;;;
nanuzae,-19.264031,-43.605781;;;
nanuzae,-19.288061,-43.579008;;;
nivea,-19.279147,-43.582022;;;
nivea,-18.190094,-43.625219;;;
nivea,-18.250000,-43.066667;;;
nivea,-18.25,-43.666667;;;
nivea,-18.150617,-43.613494;;;
nivea,-18.273453,-43.550275;;;
nivea,-18.191317,-43.626664;;;
nivea,-18.367086,-43.734936;;;
nivea,-18.581381,-43.880447;;;
nivea,-19.471028,-43.993383;;;
nivea,-19.25,-43.516667;;;
nivea,-19.250000,-43.516667;;;
nivea,-19.219678,-43.388636;;;
nivea,-18.131428,-43.046164;;;
nivea,-18.965774,-43.784586;;;
nivea,-19.336944,-43.554778;;;
nivea,-19.283053,-43.551408;;;
nivea,-19.163814,-43.511564;;;
nivea,-19.289014,-43.595572;;;
nivea,-19.301064,-43.603047;;;
nivea,-19.291936,-43.569997;;;
nivea,-19.264194,-43.605556;;;
nivea,-19.292517,-43.601642;;;
nivea,-20.299972,-46.523306;;;
obtecta,-18.733333,-46.883333;;;
obtecta,-19.85,-47.433333;;;
obtecta,-20.144339,-46.907689;;;
obtecta,-20.142056,-46.912506;;;
obtecta,-20.254317,-46.416175;;;
obtecta,-20.129944,-46.915139;;;
obtecta,-20.164444,-47.273056;;;
obtecta,-20.164722,-47.273056;;;
obtecta,-20.1644444444,-47.2730555556;;;
ornata,-18.0717,-43.4708;;;
ornata,-18.103919,-43.484689;;;
ornata,-18.2494,-43.6003;;;
ornata,-17.5539,-43.5308;;;
ornata,-18.201844,-43.590375;;;
ornata,-18.275928,-43.531508;;;
ornata,-18.110703,-43.532644;;;
ornata,-18.181756,-43.525756;;;
ornata,-18.166383,-43.596594;;;
ornata,-18.1408333333,-43.6280555556;;;
ornata,-18.0827,-43.3741;;;
patens,-18.87,-43.4;;;
patens,-19.073047,-43.445019;;;
patens,-19.075831,-43.548292;;;
patens,-19.259567,-43.529489;;;
patens,-19.076189,-43.549103;;;
patens,-18.0833,-43.7833;;;
patens,-18.922936,-43.743561;;;
patens,-19.231944,-43.506944;;;
patens,-19.025,-43.704722;;;
patens,-19.257222,-43.550833;;;
patens,-19.282486,-43.551856;;;
patens,-19.164175,-43.511694;;;
patens,-19.205408,-43.503189;;;
patens,-19.254178,-43.532181;;;
patens,-19.259258,-43.532469;;;
patens,-19.254736,-43.539272;;;
patens,-19.172000,-43.512053;;;
patens,-19.256383,-43.532111;;;
patens,-19.163931,-43.512094;;;
patens,-19.211464,-43.501250;;;
patens,-19.163511,-43.511756;;;
patens,-19.259319,-43.536986;;;
patens,-19.2573611111,-43.5508333333;;;
patens,-19.280033,-43.552261;;;
patens,-19.197086,-43.500625;;;
patens,-19.286267,-43.589556;;;
peripherica,-20.251667,-46.416111;;;
peripherica,-20.266389,-46.401111;;;
peripherica,-20.266389,-46.416111;;;
peripherica,-20.169939,-46.559668;;;
peripherica,-20.164444,-47.273056;;;
plicata,-13.072778,-43.288056;;;
plicata,-12.501667,-40.084167;;;
plicata,-10.2296666666667,-40.129;;;
plicata,-12.869722,-39.854167;;;
plicata,-10.4376388888889,-39.33975;;;
plicata,-12.339722,-42.908611;;;
plicata,-12.769167,-39.521667;;;
plicata,-10.229667,-41.245556;;;
plicata,-18.569278,-40.98525;;;
plicata,-19.023056,-40.647778;;;
plicata,-18.977778,-40.665556;;;
plicata,-18.944167,-40.798611;;;
plicata,-18.985,-40.6625;;;
plicata,-21.340278,-41.209722;;;
plicata,-19.491389,-40.838889;;;
plicata,-18.755,-40.890833;;;
plicata,-19.539444,-40.630278;;;
plicata,-19.397222,-40.679167;;;
plicata,-19.802222,-40.855556;;;
plicata,-18.886696,-40.199825;;;
plicata,-18.905,-40.189722;;;
plicata,-19.842361,-40.614;;;
plicata,-19.805556,-40.681389;;;
plicata,-19.906111,-40.601944;;;
plicata,-19.760833,-40.739444;;;
plicata,-19.757222,-40.6875;;;
plicata,-20.276667,-40.304444;;;
plicata,-20.276667,-40.304167;;;
plicata,-20.716667,-42.483333;;;
plicata,-19.548642,-43.240528;;;
plicata,-15.215,-53.859722;;;
plicata,-17.855972,-41.260944;;;
plicata,-7.876528,-37.228417;;;
plicata,-7.87652777777778,-37.2284166666667;;;
plicata,-7.469361,-35.893778;;;
plicata,-7.470833,-36.8975;;;
plicata,-7.47625,-36.890083;;;
plicata,-7.476389,-36.889722;;;
plicata,-8.316667,-38.868056;;;
plicata,-8.303,-39.216528;;;
plicata,-8.41552777777778,-39.1873888888889;;;
plicata,-8.126333,-39.479139;;;
plicata,-8.39226944444444,-36.7379666666667;;;
plicata,-8.12633333333333,-39.4791388888889;;;
plicata,-7.822722,-38.555528;;;
plicata,-7.82283333333333,-38.0560555555556;;;
plicata,-9.22008333333333,-43.4894166666667;;;
resinosa,-20.133333,-43.450833;;;
resinosa,-18.186667,-48.621111;;;
resinosa,-18.2494,-43.6003;;;
resinosa,-18.282778,-43.519167;;;
resinosa,-18.19,-43.626667;;;
resinosa,-19.404669,-43.288022;;;
resinosa,-19.411436,-43.306519;;;
resinosa,-20.284514,-43.970556;;;
resinosa,-18.908396,-43.789205;;;
resinosa,-19.0425,-43.728611;;;
resinosa,-18.084167,-43.341944;;;
resinosa,-18.232500,-43.339722;;;
resinosa,-18.6,-43.52;;;
resinosa,-18.43185,-43.3919444;;;
seubertiana,-12.990833,-41.353333;;;
seubertiana,-12.454722,-41.468056;;;
seubertiana,-12.437222,-41.487222;;;
seubertiana,-12.982778,-41.351944;;;
seubertiana,-12.950000,-41.033333;;;
spiralis,-16.540944,-42.8905;;;
spiralis,-16.538814,-42.929203;;;
spiralis,-16.549475,-42.904675;;;
spiralis,-16.549167,-42.912500;;;
spiralis,-16.567639,-42.914922;;;
spiralis,-16.542361,-42.917525;;;
spiralis,-16.5511111111,-42.9;;;
spiralis,-16.119722,-42.781944;;;
spiralis,-16.116667,-42.781667;;;
spiralis,-16.119722,-42.781944;;;
stenocarpa,-16.916667,-43.013056;;;
stenocarpa,-16.853611,-43.032778;;;
stenocarpa,-17.4229,-44.1131;;;
stenocarpa,-17.57,-44.13;;;
stenocarpa,-16.6439,-42.98155;;;
stenocarpa,-17.708056,-44.191667;;;
stenocarpa,-17.708056,-44.184167;;;
stenocarpa,-17.708056,-44.191944;;;
stenocarpa,-17.716667,-44.283333;;;
stenocarpa,-17.708083,-44.191722;;;
stenocarpa,-17.7,-44.233333;;;
stenocarpa,-17.693611,-44.193611;;;
stenocarpa,-17.706389,-44.193611;;;
stenocarpa,-17.7081,-44.1917;;;
stenocarpa,-17.7,-44.23;;;
stenocarpa,-17.6936,-44.1936;;;
stipitata,-18.180056,-43.544722;;;
stipitata,-18.13505,-43.7279;;;
stipitata,-18.310356,-43.867900;;;
stipitata,-15.530833,-42.400556;;;
stipitata,-15.530833,-42.400278;;;
stipitata,-19.008191,-43.762833;;;
stipitata,-18.996938,-43.767431;;;
stipitata,-19.006194,-43.75576;;;
stipitata,-19.005794,-43.755937;;;
stipitata,-19.249681,-43.545731;;;
stipitata,-19.264472,-43.605392;;;
stipitata,-19.257694,-43.550483;;;
stipitata,-19.254400,-43.538081;;;
strangii,-18.551906,-43.554858;;;
strangii,-18.165361,-43.700917;;;
strangii,-18.299533,-43.802400;;;
strangii,-18.215056,-43.703186;;;
strangii,-18.147706,-43.722139;;;
strangii,-18.292789,-43.793303;;;
strangii,-18.291622,-43.757922;;;
strangii,-18.310000,-43.918611;;;
strangii,-18.165528,-43.700908;;;
strangii,-18.562967,-43.832092;;;
strangii,-18.590433,-43.878694;;;
strangii,-18.592167,-43.880208;;;
strangii,-18.600061,-43.882139;;;
strangii,-18.579583,-43.873231;;;
strangii,-18.597642,-43.452836;;;
streptophylla,-18.150000,-43.700000;;;
streptophylla,-18.165186,-43.701069;;;
streptophylla,-18.216667,-43.700000;;;
streptophylla,-18.214447,-43.703875;;;
streptophylla,-18.156250,-43.718744;;;
streptophylla,-18.150000,-43.716667;;;
streptophylla,-18.157461,-43.721422;;;
streptophylla,-18.263711,-43.696478;;;
subscabra,-16.853611,-43.032778;;;
subscabra,-16.853669,-43.032831;;;
subscabra,-16.854886,-42.990925;;;
subscabra,-16.843903,-43.038414;;;
subscabra,-16.858056,-43.040556;;;
subscabra,-16.722194,-42.923664;;;
subscabra,-18.19,-43.626667;;;
subscabra,-18.251311,-43.658308;;;
subscabra,-16.221817,-42.867739;;;
subscabra,-16.570272,-42.904025;;;
subscabra,-16.555497,-42.898578;;;
subscabra,-16.497667,-42.909581;;;
subscabra,-16.518908,-42.899039;;;
subscabra,-17.032519,-43.345431;;;
subscabra,-21.343022,-44.898992;;;
subscabra,-21.306989,-44.650583;;;
subscabra,-16.326111,-40.950833;;;
subscabra,-16.339239,-41.090256;;;
subscabra,-16.337753,-41.089936;;;
subscabra,-16.328056,-40.951111;;;
subscabra,-17.699167,-44.270833;;;
subscabra,-21.327914,-44.969472;;;
subscabra,-15.968333,-42.819167;;;
subscabra,-19.287219,-43.579906;;;
subscabra,-21.140681,-44.292611;;;
subscabra,-15.833358,-42.811514;;;
subscabra,-18.573342,-43.592058;;;
subscabra,-21.117656,-44.201531;;;
taxifolia,-19.858387,-43.529677;;;
taxifolia,-18.9425,-43.677222;;;
taxifolia,-18.9,-43.4;;;
taxifolia,-19.491667,-43.477778;;;
taxifolia,-19.511606,-43.457675;;;
taxifolia,-15.234083,-42.818889;;;
taxifolia,-18.932889,-43.752638;;;
taxifolia,-19.103056,-43.673889;;;
taxifolia,-19.306100,-43.609372;;;
taxifolia,-19.288078,-43.579578;;;
taxifolia,-18.538611,-43.437500;;;
taxifolia,-18.522269,-43.451436;;;
taxifolia,-18.706375,-43.448206;;;
taxifolia,-18.538611,-43.437500;;;
tragacantha,-20.101681,-43.492667;;;
tragacantha,-20.1263,-43.4927778;;;
tragacantha,-20.441111,-43.918889;;;
tragacantha,-20.313889,-43.419167;;;
tragacantha,-20.153611,-43.436667;;;
tragacantha,-20.159167,-43.415556;;;
tragacantha,-20.313056,-43.948139;;;
tragacantha,-20.093333,-43.526944;;;
tragacantha,-20.0575,-43.691111;;;
tragacantha,-20.057500,-43.691111;;;
tragacantha,-19.885567,-43.336450;;;
tubiflora,-14.531667,-61.492222;;;
tubiflora,-14.539722,-61.498056;;;
tubiflora,-14.544722,-61.496667;;;
tubiflora,-14.13333,-47.45;;;
tubiflora,-14.21667,-47.88333;;;
tubiflora,-14.18333,-47.75;;;
tubiflora,-13.98333,-47.48333;;;
tubiflora,-14.173888,-47.504722;;;
tubiflora,-14.155833,-47.478888;;;
tubiflora,-13.681944,-47.848888;;;
tubiflora,-13.944722,-47.495;;;
tubiflora,-14.13333,-48.06667;;;
tubiflora,-14.15,-47.6166;;;
tubiflora,-16.05,-50.11667;;;
tubiflora,-13.81667,-48.28333;;;
tubiflora,-14.19139,-48.08694;;;
tubiflora,0.85,-63.35;;;
tubiflora,0.873889,-63.34;;;
tubiflora,0.865833,-63.356111;;;
tubiflora,0.873056,-63.341389;;;
tubiflora,-13.27,-41.88;;;
tubiflora,-13.266667,-41.883333;;;
tubiflora,-13.266667,-41.900000;;;
tubiflora,-13.034444,-41.903889;;;
tubiflora,-16,-48.13;;;
tubiflora,-16.03,-48.05;;;
tubiflora,-16.033333,-48.05;;;
tubiflora,-14.105037,-47.546935;;;
tubiflora,-13.779535,-47.258012;;;
tubiflora,-14.031111,-47.512500;;;
tubiflora,-13.766667,-47.050000;;;
tubiflora,-14.183333,-47.750000;;;
tubiflora,-14.15,-47.61666;;;
tubiflora,-14.166667,-47.5;;;
tubiflora,-14.083333,-47.433333;;;
tubiflora,-14.171389,-47.636111;;;
tubiflora,-14.133333,-47.45;;;
tubiflora,-14.1167,-47.65562;;;
tubiflora,-13.9376,-47.5167;;;
tubiflora,-13.93593,-47.5167;;;
tubiflora,-14.1167,-47.70192;;;
tubiflora,-14.163611,-47.616667;;;
tubiflora,-14.18,-47.75;;;
tubiflora,-14.13,-47.45;;;
tubiflora,-14.178889,-47.583056;;;
tubiflora,-13.959167,-47.495833;;;
tubiflora,-14.158281,-47.836494;;;
tubiflora,-13.966667,-47.450000;;;
tubiflora,-14.160556,-47.468611;;;
tubiflora,-14.155833,-47.478889;;;
tubiflora,-14.173889,-47.504722;;;
tubiflora,-14.1739,-47.5047;;;
tubiflora,-14.174722,-47.800833;;;
tubiflora,-13.628472,-47.479639;;;
tubiflora,-13.97,-47.45;;;
tubiflora,-13.644444,-47.833333;;;
tubiflora,-13.943889,-47.696111;;;
tubiflora,-13.816389,-47.450556;;;
tubiflora,-13.951944,-48.273889;;;
tubiflora,-14.133333,-48.066667;;;
tubiflora,-16.7686,-47.6136;;;
tubiflora,-15.9344,-50.1403;;;
tubiflora,-15.950000,-50.033333;;;
tubiflora,-13.816667,-48.283333;;;
tubiflora,-16.066667,-50.183333;;;
tubiflora,-14.191389,-48.086944;;;
tubiflora,-14.0004167,-47.00035;;;
tubiflora,-16.001389,-50.051389;;;
tubiflora,-13.36737,-46.16826;;;
tubiflora,-13.37277,-46.17378;;;
tubiflora,-13.733333,-47.25;;;
tubiflora,-13.73,-47.25;;;
tubiflora,-7.0497222,-47.442777;;;
tubiflora,-8.4627447,-58.4042376;;;
tubiflora,-10.0575,-54.9328;;;
tubiflora,-9.681389,-55.440833;;;
tubiflora,-9.584167,-55.191944;;;
tubiflora,-9.584000,-55.191444;;;
tubiflora,-9.681233,-55.440167;;;
tubiflora,-9.6811111,-55.4402777;;;
tubiflora,-20.2164,-46.4483;;;
tubiflora,-4.954056,-42.194056;;;
tubiflora,-5.200000,-41.700000;;;
tubiflora,-4.084722,-41.684444;;;
tubiflora,-21.095000,-47.334167;;;
tubiflora,-8.5006,-48.6008;;;
tubiflora,3.41666666666667,-65.6666666666667;;;
variabilis,-18.115278,-60.085556;;;
variabilis,-14.823333,-60.383611;;;
variabilis,-18.383333,-59.050000;;;
variabilis,-13.3,-41.88;;;
variabilis,-13.27,-41.88;;;
variabilis,-13.33,-41.85;;;
variabilis,-13.25,-41.9;;;
variabilis,-13.27,-41.9;;;
variabilis,-13.266667,-41.9;;;
variabilis,-13.23,-41.9;;;
variabilis,-13.25,-41.78;;;
variabilis,-13.25,-41.91666;;;
variabilis,-13.25,-41.92;;;
variabilis,-15.73555,-47.6874;;;
variabilis,-15.7797,-47.9294;;;
variabilis,-16.05,-47.933333;;;
variabilis,-15.907056,-47.856125;;;
variabilis,-15.866667,-47.85;;;
variabilis,-15.9075,-48.19111;;;
variabilis,-15.970277,-47.933055;;;
variabilis,-15.9125,-48.003888;;;
variabilis,-15.880556,-47.881111;;;
variabilis,-14.166666,-47.816666;;;
variabilis,-14.171389,-47.636111;;;
variabilis,-14.106111,-47.727778;;;
variabilis,-14.164564,-47.823428;;;
variabilis,-17.733333,-48.616666;;;
variabilis,-17.776667,-48.667222;;;
variabilis,-15.133333,-50.033333;;;
variabilis,-13.766667,-47.5;;;
variabilis,-13.61861,-48.10278;;;
variabilis,-13.886388,-47.521666;;;
variabilis,-15.800278,-48.824444;;;
variabilis,-14.16667,-48.11667;;;
variabilis,-16.7453,-47.6047;;;
variabilis,-16.766667,-47.55;;;
variabilis,-16.733889,-47.620278;;;
variabilis,-16.7686,-47.6136;;;
variabilis,-16.70278,-47.61333;;;
variabilis,-16.75,-47.666667;;;
variabilis,-16.73193,-47.6;;;
variabilis,-16.84036,-47.6;;;
variabilis,-16.85843,-47.6;;;
variabilis,-16.79518,-47.6;;;
variabilis,-16.0611,-50.00122;;;
variabilis,-16.28806,-48.17861;;;
variabilis,-16.33028,-48.21361;;;
variabilis,-16.6748,-47.9938;;;
variabilis,-15.5,-55.75;;;
variabilis,-15.050000,-55.750000;;;
variabilis,-15.266667,-55.933333;;;
variabilis,-15.5,-55.5;;;
variabilis,-15.0005181,-55.0009031;;;
variabilis,-17.9075,-57.5689;;;
variabilis,-17.907500,-57.568889;;;
variabilis,-18.021389,-57.531389;;;
variabilis,-19.712222,-46.842222;;;
variabilis,-20.133333,-44.216667;;;
variabilis,-20.101853,-44.15355;;;
variabilis,-18.683333,-43.700000;;;
variabilis,-20.441111,-43.918889;;;
variabilis,-18.870000,-43.737222;;;
variabilis,-18.32666,-43.68024;;;
variabilis,-18.4458,-43.6556;;;
variabilis,-18.165361,-43.700917;;;
variabilis,-17.886361,-43.697417;;;
variabilis,-18.007222,-43.615833;;;
variabilis,-18.157222,-43.615833;;;
variabilis,-18.25,-43.666667;;;
variabilis,-18.083333,-43.816667;;;
variabilis,-18.564444,-43.858333;;;
variabilis,-20.334722,-44.01;;;
variabilis,-20.147222,-43.924722;;;
variabilis,-20.136319,-43.972747;;;
variabilis,-20.175,-43.824167;;;
variabilis,-18.250000,-43.066667;;;
variabilis,-19.850000,-47.433333;;;
variabilis,-19.977778,-47.400000;;;
variabilis,-20.0575,-43.691944;;;
variabilis,-18.996821,-43.766883;;;
variabilis,-18.996419,-43.765198;;;
variabilis,-18.962832,-43.75671;;;
variabilis,-18.953243,-43.772592;;;
variabilis,-19.300000,-43.566667;;;
variabilis,-19.283333,-43.600000;;;
variabilis,-19.033056,-43.717222;;;
variabilis,-19.020833,-43.724167;;;
variabilis,-19.048652,-43.737325;;;
variabilis,-20.2164,-46.4483;;;
variabilis,-10.596472,-46.597778;;;
variegata,-12.854444,-39.475556;;;
variegata,-12.853611,-39.475833;;;
variegata,-12.8536,-39.4758;;;
variegata,-16.61,-39.796111;;;
variegata,-12.75,-39.533333;;;
variegata,-12.853611,-39.475556;;;
variegata,-12.5116,-39.2832;;;
variegata,-12.85,-39.466667;;;
variegata,-12.853056,-39.471944;;;
variegata,-20.433333,-40.95;;;
variegata,-18.569278,-40.98525;;;
variegata,-18.566111,-40.985;;;
variegata,-18.421667,-41.121111;;;
variegata,-18.944167,-40.798611;;;
variegata,-18.978889,-40.667778;;;
variegata,-18.977778,-40.665556;;;
variegata,-20.175833,-41.286139;;;
variegata,-20.519167,-41.100556;;;
variegata,-20.516111,-41.083611;;;
variegata,-19.348333,-40.551111;;;
variegata,-20.411644,-40.980014;;;
variegata,-19.907944,-40.473889;;;
variegata,-19.914167,-40.472222;;;
variegata,-19.8025,-40.7775;;;
variegata,-19.741389,-40.981111;;;
variegata,-19.888889,-40.824722;;;
variegata,-20.940556,-41.545833;;;
variegata,-18.77,-40.4575;;;
variegata,-18.776944,-40.443889;;;
variegata,-18.7669,-40.4625;;;
variegata,-18.766944,-40.4625;;;
variegata,-20.173056,-40.614444;;;
variegata,-19.780556,-40.604167;;;
variegata,-19.897778,-40.814722;;;
variegata,-19.760833,-40.739444;;;
variegata,-20.17,-40.319167;;;
variegata,-20.436427,-41.008089;;;
variegata,-20.700278,-42.475278;;;
variegata,-20.733333,-44.466667;;;
variegata,-21.9675,-42.0175;;;
variegata,-21.967500,-58.017500;;;